{
    "item": {
        "ad": 0,
        "word_count": 70977,
        "owner": 0,
        "allow_discount": 0,
        "ad_time": 0,
        "ad_duration": 0,
        "click": 2438627,
        "score_count": 113,
        "title": "老九门",
        "on_sale": true,
        "comment_count": 0,
        "has_ad": 0,
        "id": 1724032,
        "content": "【陈伟霆、张艺兴、赵丽颖主演，同名电视剧正在热播】民国时期，长沙车站开来一辆来历不明的火车，彻查发现来自一座深山中的百年矿山，因为常年开采导致地皮塌陷，矿山中弥漫着一股奇怪的浓雾，长沙老九门盗墓家族张家和红家经过了一番查探，发现了深埋矿山之下，有着另外一个秘密，经过一番探险，他们深入矿山之中，来到矿山的底部，看到了让人无法置信的景象。千年之前坠落的三颗陨石，长白山下埋藏的秘密，他们到底从矿山底部带出了什么东西，为何世界慢慢变的异样诡异？",
        "source": 2,
        "latest_id": 41,
        "score": 7.8,
        "allow_free_read": 1,
        "toc": [],
        "rights_id": 10080,
        "channel": [1],
        "updated": 1469173947,
        "finish": false,
        "tags": ["寻墓探险", "悬疑探险", "灵异"],
        "started": 1469168519,
        "price": 5,
        "chapter_count": 42,
        "authors": "南派三叔",
        "categories": [{
                "category_id": 8000000,
                "label": "灵异"
            },
            {
                "category_id": 8000300,
                "label": "悬疑探险"
            }
        ],
        "author_books_total": 2,
        "rights": "阅文集团旗下起点中文网",
        "level": 0,
        "cover": "http://cover.read.duokan.com/mfsv2/download/fdsc3/p01TQfpyV6px/06EirDzmjj8zuK.jpg",
        "summary": "【陈伟霆、张艺兴、赵丽颖主演，同名电视正在热播】民国时期，长沙车站开来一辆来历不明的火车，彻查发现",
        "source_id": 352876,
        "fiction_id": 352876,
        "outer_id": "5791bb8850e3a4587b490db2",
        "latest": "第三十一章 惨胜"
    },
    "related": [{
            "ad": 0,
            "word_count": 599903,
            "owner": 0,
            "allow_discount": 0,
            "ad_time": 0,
            "ad_duration": 0,
            "score_count": 1,
            "title": "食咒",
            "on_sale": true,
            "comment_count": 0,
            "has_ad": 0,
            "click": 55868,
            "latest_id": 228,
            "score": 6.0,
            "allow_free_read": 1,
            "rights_id": 10080,
            "channel": [1],
            "updated": 1469613079,
            "finish": false,
            "tags": ["悬疑探险", "灵异"],
            "price": 5,
            "chapter_count": 229,
            "authors": "蟋与蝉",
            "categories": [{
                    "category_id": 8000000,
                    "label": "灵异"
                },
                {
                    "category_id": 8000300,
                    "label": "悬疑探险"
                }
            ],
            "rights": "阅文集团旗下起点中文网",
            "level": 0,
            "cover": "http://cover.read.duokan.com/mfsv2/download/fdsc3/p01QivZjexs1/9FS6XpwmPq9ZxF.jpg",
            "summary": "饭店的东西是不可以乱吃的！因为你吃下去的很可能是......\r\n\r\n本文将带你进入厨子的黑暗世界。\r...",
            "fiction_id": 319741,
            "outer_id": "5718455f50e3a46f452a60be",
            "latest": "第四十七章：科技装备"
        },
        {
            "ad": 0,
            "word_count": 243928,
            "owner": 0,
            "allow_discount": 0,
            "ad_time": 0,
            "ad_duration": 0,
            "score_count": 27,
            "title": "校园惊魂：我的初恋是厉鬼",
            "on_sale": true,
            "comment_count": 0,
            "has_ad": 0,
            "click": 277169,
            "latest_id": 99,
            "score": 8.66,
            "allow_free_read": 1,
            "rights_id": 10080,
            "channel": [1],
            "updated": 1465700482,
            "finish": false,
            "tags": ["灵异悬疑", "恐怖惊悚", "灵异"],
            "price": 5,
            "chapter_count": 100,
            "authors": "梦入星河",
            "categories": [{
                    "category_id": 50000,
                    "label": "灵异悬疑"
                },
                {
                    "category_id": 50200,
                    "label": "恐怖惊悚"
                },
                {
                    "category_id": 8000000,
                    "label": "灵异"
                },
                {
                    "category_id": 8000200,
                    "label": "恐怖惊悚"
                }
            ],
            "rights": "阅文集团旗下创世中文网",
            "level": 0,
            "cover": "http://cover.read.duokan.com/mfsv2/download/fdsc3/p01i8Qo2TuU3/IcyOEngmwcpps5.jpg",
            "summary": "大红的霓裳，大红的冠顶，大红的绣花鞋，她一身上下，仿佛浸染过人世间最浓郁的鲜血，一头长发如墨，在烈烈...",
            "fiction_id": 271520,
            "outer_id": "5582352d50e3a473924c8758",
            "latest": "第109章 六阴解梦，梦魇散去"
        },
        {
            "ad": 0,
            "word_count": 1506629,
            "owner": 0,
            "allow_discount": 0,
            "ad_time": 0,
            "ad_duration": 0,
            "score_count": 16,
            "title": "阴阳天师",
            "on_sale": true,
            "comment_count": 0,
            "has_ad": 0,
            "click": 203382,
            "latest_id": 720,
            "score": 7.5,
            "allow_free_read": 1,
            "rights_id": 10080,
            "channel": [1],
            "updated": 1468229857,
            "finish": false,
            "tags": ["灵异悬疑", "灵异奇谈", "灵异神怪", "灵异"],
            "price": 5,
            "chapter_count": 721,
            "authors": "落语",
            "categories": [{
                    "category_id": 50000,
                    "label": "灵异悬疑"
                },
                {
                    "category_id": 50300,
                    "label": "灵异神怪"
                },
                {
                    "category_id": 8000000,
                    "label": "灵异"
                },
                {
                    "category_id": 8000400,
                    "label": "灵异奇谈"
                }
            ],
            "rights": "阅文集团旗下创世中文网",
            "level": 0,
            "cover": "http://cover.read.duokan.com/mfsv2/download/fdsc3/p01aEqw2vIGw/I3bD0QHJuwJjpg.jpg",
            "summary": "无论你信不信这个世界上有鬼，我却从小和它们为伍。七年前，我一直追随师父走南闯北，见识过形形色色的古怪...",
            "fiction_id": 302188,
            "outer_id": "5582351750e3a4738e4c8776",
            "latest": "第七百二十一章 各方震动"
        }
    ],
    "author_books": [{
        "ad": 0,
        "word_count": 1441873,
        "owner": 0,
        "allow_discount": false,
        "ad_time": 0,
        "ad_duration": 0,
        "score_count": 8854,
        "title": "盗墓笔记",
        "on_sale": true,
        "comment_count": 1927,
        "has_ad": 0,
        "click": 34069097,
        "latest_id": 481,
        "score": 9.0,
        "allow_free_read": 1,
        "rights_id": 10080,
        "channel": [1],
        "updated": 1450801819,
        "finish": true,
        "tags": ["升级练功", "盗墓探险", "盗墓", "热血", "灵异悬疑"],
        "price": 5,
        "chapter_count": 482,
        "authors": "南派三叔",
        "categories": [{
                "category_id": 50000,
                "label": "灵异悬疑"
            },
            {
                "category_id": 50400,
                "label": "盗墓探险"
            },
            {
                "category_id": 8000000,
                "label": "灵异"
            },
            {
                "category_id": 8000300,
                "label": "悬疑探险"
            }
        ],
        "rights": "阅文集团旗下起点中文网",
        "level": 0,
        "cover": "http://cover.read.duokan.com/mfsv2/download/s010/p01yfPOuJRok/dQJSYfAnD3AB42.jpg",
        "summary": "这神秘的墓主人到底是谁，他们到底能不能找到真正的棺椁？",
        "fiction_id": 270635,
        "outer_id": "5581401c50e3a4079e15a4f9",
        "latest": "《后记》下"
    }],
    "result": 0
}