{
    "count": 8,
    "code": 0,
    "ads": [{
            "status": 1,
            "keyword": "df_search_tags",
            "hidden_info": "[[type|tabs]]",
            "ad_type": 100,
            "ad_priority": 1,
            "width": 0,
            "reference_id": "33494",
            "ad_pic_url": "",
            "ad_name": "如果蜗牛有爱情",
            "height": 0,
            "id": "58639",
            "size": 0
        },
        {
            "status": 1,
            "keyword": "df_search_tags",
            "hidden_info": "[[type|book-detail]]",
            "ad_type": 100,
            "ad_priority": 2,
            "width": 0,
            "reference_id": "270885",
            "ad_pic_url": "",
            "ad_name": "择天记",
            "height": 0,
            "id": "67839",
            "size": 0
        },
        {
            "status": 1,
            "keyword": "df_search_tags",
            "hidden_info": "[[type|book-detail]]",
            "ad_type": 100,
            "ad_priority": 3,
            "width": 0,
            "reference_id": "270693",
            "ad_pic_url": "",
            "ad_name": "一夜弃妃",
            "height": 0,
            "id": "67840",
            "size": 0
        },
        {
            "status": 1,
            "keyword": "df_search_tags",
            "hidden_info": "[[type|none]]",
            "ad_type": 100,
            "ad_priority": 4,
            "width": 0,
            "reference_id": "319207",
            "ad_pic_url": "",
            "ad_name": "诛仙",
            "height": 0,
            "id": "62136",
            "size": 0
        },
        {
            "status": 1,
            "keyword": "df_search_tags",
            "hidden_info": "[[type|book-detail]]",
            "ad_type": 100,
            "ad_priority": 5,
            "width": 0,
            "reference_id": "26728",
            "ad_pic_url": "",
            "ad_name": "豪门小老婆",
            "height": 0,
            "id": "71422",
            "size": 0
        },
        {
            "status": 1,
            "keyword": "df_search_tags",
            "hidden_info": "[[type|custom]]",
            "ad_type": 100,
            "ad_priority": 6,
            "width": 0,
            "reference_id": "302633",
            "ad_pic_url": "",
            "ad_name": "异能小农民",
            "height": 0,
            "id": "71423",
            "size": 0
        },
        {
            "status": 1,
            "keyword": "df_search_tags",
            "hidden_info": "[[type|book-detail]]",
            "ad_type": 100,
            "ad_priority": 7,
            "width": 0,
            "reference_id": "43141",
            "ad_pic_url": "",
            "ad_name": "武动乾坤",
            "height": 0,
            "id": "71424",
            "size": 0
        },
        {
            "status": 1,
            "keyword": "df_search_tags",
            "hidden_info": "",
            "ad_type": 100,
            "ad_priority": 8,
            "width": 0,
            "reference_id": "44369",
            "ad_pic_url": "",
            "ad_name": "别那么骄傲",
            "height": 0,
            "id": "67838",
            "size": 0
        }
    ]
}